Total Return,Sharpe Ratio,Max Drawdown
0.1297474952798309,1.0329041559690717,-0.0545057464151524
0.1690227225568426,1.4316756928245584,-0.0507135219405225
0.1871672020771768,1.5868562764828869,-0.0507135219405224
0.1802996323481684,1.5239786886992603,-0.0507135219405225
0.1811115471825148,1.530472501022222,-0.0507135219405224
0.189061058940654,1.589023316737825,-0.0507135219405225
0.1773569825013188,1.4835369185714171,-0.0507135219405223
0.1832273027120605,1.5343556614215372,-0.0507135219405223
0.2050179711597648,1.7423348771935547,-0.0507135219405224
0.2228335118059305,1.8727210881622125,-0.0507135219405227
0.2382065573772276,2.001777999969921,-0.0507135219405223
0.2006433711025395,1.7143171283357672,-0.0507135219405222
0.2044531856083533,1.749375507209248,-0.0507135219405224
0.2164579896144871,1.836142985794324,-0.0507135219405222
0.220821324499673,1.8725699711384185,-0.050713521940523
0.2346451352967542,1.964169092767452,-0.0507135219405223
0.211547806331279,1.772740683411568,-0.0507135194081599
0.2159413281706601,1.808531711976016,-0.05071351940816
0.2150371743127395,1.800331426349191,-0.0507135194081604
0.2241652837089687,1.8577129022130408,-0.0507135194081603
0.2439184850952149,1.9922904231763163,-0.0507136041777268
0.2410411923569333,1.971127619374296,-0.0507136041777266
0.2084129898255915,1.6468648805694308,-0.0507136041777266
0.1945607912477627,1.5347668712816998,-0.0507135194081598
0.206979225266116,1.6411937151250486,-0.0507136041777271
0.2069792252661171,1.6411921814329564,-0.0507135194081598
0.2002085801965387,1.600857950671336,-0.0507136041777267
0.1998610175010258,1.5980603843202843,-0.0507135194081598
0.1720537018567054,1.3382989092776203,-0.066617628794527
0.1538945668012015,1.196119368651052,-0.0720023967914982
0.1420418171089075,1.1052216399005317,-0.0720023967914981
0.1302479791944013,1.0046490439976854,-0.0804630293114228
0.1078086787862475,0.8158982915678278,-0.091667477646659
0.0936334330114754,0.6960775067602566,-0.0988351249181135
0.0857549260289838,0.6298602283802126,-0.1010495678395351
0.0729800284374708,0.5183854989928893,-0.1119139997103052
0.0751256317852548,0.5347963783940249,-0.1119139997103054
0.0772807059484304,0.5526718748413723,-0.1119139997103054
0.0580326480052624,0.3878361430327087,-0.1133826008692843
0.0701131869396143,0.4917886290008322,-0.1133826008692839
0.0789967969207272,0.566073310326512,-0.1133826008692844
0.0744128467677875,0.5278969235358889,-0.1133826008692839
0.066177961503419,0.4575886967783643,-0.1133826008692839
0.0697737966875604,0.4884252751565309,-0.1133826008692839
0.0783600100842449,0.5594868744421054,-0.1133826008692846
0.0859867143452897,0.6236948820221795,-0.1133826008692845
0.0784030252780592,0.5600026474758591,-0.1133826008692839
0.0804422034818435,0.5766433426095936,-0.1133826008692843
0.096262661380279,0.7039263591708987,-0.1133826008692838
0.0908329943466648,0.6590670188868785,-0.1133826008692844
0.0996817111068291,0.7301522155926082,-0.1133826008692843
0.092888535265873,0.6759997319145729,-0.113382600869284
0.0908716330024743,0.6593169650769835,-0.1133826008692843
0.092360487368138,0.6712953378473189,-0.113382600869284
0.1012602812391554,0.7427737399733803,-0.113382600869284
0.0908902188514273,0.6548398049173364,-0.113382600869284
0.0914974043424392,0.6598311705625287,-0.1133826008692845
0.0883095894171157,0.6330988353806218,-0.113382600869284
0.1177846082631508,0.876560889153281,-0.113382600869284
0.1032323584491849,0.7647158810572096,-0.1133826008692839
0.1132138414236558,0.8467266946004738,-0.1133826008692842
0.1132137323077651,0.8467260716815677,-0.113382600869284
0.1120858106801458,0.8379554498270552,-0.1133826008692839
0.1128252143769097,0.8440131023862723,-0.1133826008692842
0.1103064798287019,0.8243155311005739,-0.1133826008692839
0.1152781961560618,0.8648841023531393,-0.113382600869284
0.1065349521558476,0.7962931402577405,-0.1133826008692842
0.1042575969705952,0.7777575600051951,-0.1133826008692843
0.0964069272049961,0.7114082894186261,-0.1133826008692845
0.1031325535043345,0.7668804289108432,-0.1133826008692842
0.0748951927397987,0.5200098164125997,-0.1133826008692845
0.0832056373835117,0.5886375648333474,-0.1133826008692843
0.0829032477921314,0.5861342874657398,-0.1133826008692842
0.0701238340163927,0.4777023240728983,-0.113382600869284
0.0718523459066364,0.491100160203684,-0.1133826008692843
0.0824128537980197,0.5768319868576726,-0.1133826008692842
0.0969074327822967,0.6870677207543144,-0.1133826008692843
0.0878893313364419,0.6149210543459905,-0.1133826008692845
0.0705128778393953,0.4736918218956128,-0.113382600869284
0.0853361712627955,0.5916122630959976,-0.1133826008692844
0.0881323288291853,0.6128888156466685,-0.1133826029527406
0.0928059668322123,0.6505884014131694,-0.1133826029527401
0.0711309501910937,0.4759170938524436,-0.1133826029527401
0.0617609854614238,0.4016367879304435,-0.1133826029527403
0.0663846522167559,0.4388904625611722,-0.1133826029527402
0.0710013158314164,0.4718601383423165,-0.1133826029527402
0.0762298190740067,0.5123616203199961,-0.1133826029527399
0.065916430574604,0.4317434126473504,-0.1133826029527401
0.0648719809778679,0.4234246486971176,-0.1133826029527402
0.0648720809380067,0.4234254196282311,-0.1133826029527402
0.0684771222364541,0.4514762848043186,-0.1133826029527403
0.0648657349607497,0.4226335230844893,-0.11338260295274
0.0628964108872147,0.4069179314255559,-0.1133826029527406
0.0669092529715378,0.438172931039744,-0.1133826029527403
0.0662269205490257,0.4328459560120523,-0.1133826029527402
0.0530813326402834,0.3280160198447154,-0.1133826029527402
0.0626048032545176,0.4039651005667027,-0.1133826029527407
0.0702217591051801,0.4640792856383466,-0.1133826029527405
0.0693560760497902,0.4571650590685062,-0.1133826029527402
0.052741113861662,0.3248531144464405,-0.1133826029527402
0.0480959735500765,0.2877542462292085,-0.1133826029527402
0.0528724696285158,0.3255383405537958,-0.1133826029527405
0.0480768536665405,0.2873346148981083,-0.1133826029527402
0.033943025601191,0.1732583768772149,-0.1133826029527405
0.0350088482262966,0.1818449382428621,-0.1133826029527405
0.0315338293478801,0.1547961715810424,-0.11338260295274
0.0378517924066159,0.2047723113532532,-0.1133826029527403
0.0158244580843651,0.0265160080456077,-0.1133826029527403
0.0358564171308419,0.1876367863081461,-0.1133826029527403
0.072296452714315,0.479841941020807,-0.1133826029527401
0.0711333872289443,0.4711151956798442,-0.1133826029527401
0.0917786212760571,0.6262746909481718,-0.1133826029527403
0.0847828479872692,0.5729212886383201,-0.1133826029527405
0.0904762524641227,0.6173413593683457,-0.1133826029527401
0.0909522217086151,0.6208981633212363,-0.1133826029527403
0.0794014393056057,0.5335482908369771,-0.1133826029527405
0.0759683577943783,0.5067163076340969,-0.1133826029527402
0.0843004825145707,0.5716704264435376,-0.1133826029527407
0.0854297773814785,0.5801828477145771,-0.1133826029527407
0.0744995333132447,0.4961955969110496,-0.1133826029527402
0.0569504334637898,0.3589902682759326,-0.1133826029527401
0.0470288208279028,0.2793516067184962,-0.1133826029527405
0.0487215420283435,0.2929086947732435,-0.1133826029527402
0.0514768228245294,0.3153145790414401,-0.11338260295274
0.0523270128837625,0.3220797580216215,-0.1133826029527402
0.047269296872643585,0.28148073594925377,-0.1133826029527405
